brand_id,brand_name,target_market,positioning_statement,pricing_inr,usps_key_features,min_price_inr,max_price_inr,pack_size_min,price_per_gummy_inr
1,Be Bodywise,India Only,"Tailored digital health clinic for women. Clean, no added sugar wellness routines.",₹499 - ₹549 (30 count),"Designed explicitly for women's nutritional gaps, zero added sugar, hair and skin targeted variants.",499,549,30,16.63
2,Carbamide Forte,India Only,High-potency nutraceutical essentials. Lab-grade ingredients at direct-to-consumer prices.,₹450 - ₹650 (60 count),"Max-strength dosages (e.g., 10mg Melatonin, heavy Biotin with Hyaluronic acid), highly therapeutic profiles.",450,650,60,7.5
3,Centrum India,India Only,"The world's number 1 multivitamin brand, customized for Indian health demands.",₹500 - ₹600 (30 count),"Global high-science benefit blends, specialized variants for daily adult nutrition and hair health.",500,600,30,16.67
4,Man Matters (Mosaic Wellness),India Only,Digital-first wellness clinic for men. No added sugar hair and performance nutrition.,₹799 - ₹899 (60 count),"Formulated specifically for men, contains DHT blockers along with Biotin and Zinc, zero added sugar.",799,899,60,13.32
5,Nyumi (Ikaria Wellness),India Only,"Where Western science meets Indian Ayurveda. Premium, curated clean formulations for women.",₹750 - ₹990 (50 count),"Formulated by experts across Germany and India, ingredients like packaging materials are highly premium.",750,990,50,15.0
6,Power Gummies,India Only,"Nutrition backed by science, delivered as a treat. The pioneer of blue hair vitamins in India.",₹900 - ₹1200 (60 count),"Clinically proven, cruelty-free, 100% vegan, biotin-focused aesthetics with celebrity endorsement driven reach.",900,1200,60,15.0
7,Purna Gummies,India Only,Daily nutrition made deliciously cheap. Affordable pocket-sized wellness packs.,₹400 - ₹499 (30-60 count),"Extremely active across Indian pharmacies, unique sugar-free ACV options, massive flavor variations.",400,499,30,13.33
8,Tata 1mg,India Only,"High-science, trusted healthcare from India's legacy house. Maximum value and purity.",₹249 - ₹395 (30 count),"Deep market discounting, high trust factor, verified formulas for family immunity, hair, and weight.",249,395,30,8.3
9,What's Up Wellness,India Only,"Making wellness easy and delightful. Fun, affordable, entry-level health hacks.",₹560 - ₹699 (30 count),"Blend of modern vitamins with aloe vera and amla, high visibility on Indian quick-commerce channels.",560,699,30,18.67
